scrape_datetime,days_before_departure,date_out,date_in,departure_price,return_price
2025-09-23 10:49:05,29,2025-10-22,2025-10-25,14.99,20.47
2025-09-23 10:49:05,28,2025-10-21,2025-10-24,14.99,28.68
2025-09-23 10:49:05,27,2025-10-20,2025-10-23,34.51,14.99
2025-09-23 10:49:05,26,2025-10-19,2025-10-22,40.73,14.99
2025-09-23 10:49:05,25,2025-10-18,2025-10-21,21.23,14.99
2025-09-23 10:49:05,24,2025-10-17,2025-10-20,42.99,26.59
2025-09-23 10:49:05,23,2025-10-16,2025-10-19,14.99,28.99
2025-09-23 10:49:05,22,2025-10-15,2025-10-18,14.99,14.99
2025-09-23 10:49:05,21,2025-10-14,2025-10-17,14.99,16.99
2025-09-23 10:49:05,20,2025-10-13,2025-10-16,14.99,14.99
2025-09-23 10:49:05,19,2025-10-12,2025-10-15,16.00,14.99
2025-09-23 10:49:05,18,2025-10-11,2025-10-14,14.99,15.00
2025-09-23 10:49:05,17,2025-10-10,2025-10-13,39.43,41.09
2025-09-23 10:49:05,16,2025-10-09,2025-10-12,14.99,49.99
2025-09-23 10:49:05,15,2025-10-08,2025-10-11,14.99,25.20
2025-09-23 10:49:05,14,2025-10-07,2025-10-10,14.99,28.99
2025-09-23 10:49:05,13,2025-10-06,2025-10-09,15.00,14.99
2025-09-23 10:49:05,12,2025-10-05,2025-10-08,23.11,14.99
2025-09-23 10:49:05,11,2025-10-04,2025-10-07,14.99,14.99
2025-09-23 10:49:05,10,2025-10-03,2025-10-06,42.99,46.99
2025-09-23 10:49:05,9,2025-10-02,2025-10-05,36.99,50.99
2025-09-23 10:49:05,8,2025-10-01,2025-10-04,15.00,15.60
2025-09-23 10:49:05,7,2025-09-30,2025-10-03,15.53,24.76
2025-09-23 10:49:05,6,2025-09-29,2025-10-02,14.99,17.00
2025-09-23 10:49:05,5,2025-09-28,2025-10-01,35.99,16.68
2025-09-23 10:49:05,4,2025-09-27,2025-09-30,15.57,70.23
2025-09-23 10:49:05,3,2025-09-26,2025-09-29,74.99,95.99
2025-09-23 10:49:05,2,2025-09-25,2025-09-28,36.99,133.47
2025-09-23 10:49:05,1,2025-09-24,2025-09-27,18.89,42.99
2025-09-23 10:49:05,0,2025-09-23,2025-09-26,99.99,45.99
2025-09-23 18:25:52,29,2025-10-22,2025-10-25,17.16,20.47
2025-09-23 18:25:52,28,2025-10-21,2025-10-24,14.99,25.99
2025-09-23 18:25:52,27,2025-10-20,2025-10-23,23.88,14.99
2025-09-23 18:25:52,26,2025-10-19,2025-10-22,47.96,16.41
2025-09-23 18:25:52,25,2025-10-18,2025-10-21,14.99,15.31
2025-09-23 18:25:52,24,2025-10-17,2025-10-20,49.99,21.89
2025-09-23 18:25:52,23,2025-10-16,2025-10-19,16.09,31.99
2025-09-23 18:25:52,22,2025-10-15,2025-10-18,14.99,14.99
2025-09-23 18:25:52,21,2025-10-14,2025-10-17,15.25,18.99
2025-09-23 18:25:52,20,2025-10-13,2025-10-16,14.99,15.36
2025-09-23 18:25:52,19,2025-10-12,2025-10-15,19.00,14.99
2025-09-23 18:25:52,18,2025-10-11,2025-10-14,14.99,15.00
2025-09-23 18:25:52,17,2025-10-10,2025-10-13,39.43,34.65
2025-09-23 18:25:52,16,2025-10-09,2025-10-12,23.88,49.99
2025-09-23 18:25:52,15,2025-10-08,2025-10-11,15.47,25.20
2025-09-23 18:25:52,14,2025-10-07,2025-10-10,14.99,28.99
2025-09-23 18:25:52,13,2025-10-06,2025-10-09,17.00,17.59
2025-09-23 18:25:52,12,2025-10-05,2025-10-08,14.99,14.99
2025-09-23 18:25:52,11,2025-10-04,2025-10-07,15.95,17.59
2025-09-23 18:25:52,10,2025-10-03,2025-10-06,42.99,46.99
2025-09-23 18:25:52,9,2025-10-02,2025-10-05,36.99,60.72
2025-09-23 18:25:52,8,2025-10-01,2025-10-04,16.66,14.99
2025-09-23 18:25:52,7,2025-09-30,2025-10-03,17.15,24.76
2025-09-23 18:25:52,6,2025-09-29,2025-10-02,15.84,20.49
2025-09-23 18:25:52,5,2025-09-28,2025-10-01,35.99,17.53
2025-09-23 18:25:52,4,2025-09-27,2025-09-30,15.57,70.23
2025-09-23 18:25:52,3,2025-09-26,2025-09-29,74.99,94.99
2025-09-23 18:25:52,2,2025-09-25,2025-09-28,36.99,160.67
2025-09-23 18:25:52,1,2025-09-24,2025-09-27,63.37,41.99
2025-09-23 18:25:52,0,2025-09-23,2025-09-26,99.99,49.99
2025-09-24 10:12:45,28,2025-10-22,2025-10-25,14.99,21.35
2025-09-24 10:12:45,27,2025-10-21,2025-10-24,14.99,25.99
2025-09-24 10:12:45,26,2025-10-20,2025-10-23,29.95,16.17
2025-09-24 10:12:45,25,2025-10-19,2025-10-22,50.90,14.99
2025-09-24 10:12:45,24,2025-10-18,2025-10-21,20.35,14.99
2025-09-24 10:12:45,23,2025-10-17,2025-10-20,49.99,20.35
2025-09-24 10:12:45,22,2025-10-16,2025-10-19,14.99,32.99
2025-09-24 10:12:45,21,2025-10-15,2025-10-18,14.99,14.99
2025-09-24 10:12:45,20,2025-10-14,2025-10-17,14.99,20.00
2025-09-24 10:12:45,19,2025-10-13,2025-10-16,15.00,14.99
2025-09-24 10:12:45,18,2025-10-12,2025-10-15,15.00,14.99
2025-09-24 10:12:45,17,2025-10-11,2025-10-14,14.99,14.99
2025-09-24 10:12:45,16,2025-10-10,2025-10-13,39.43,52.99
2025-09-24 10:12:45,15,2025-10-09,2025-10-12,24.31,49.99
2025-09-24 10:12:45,14,2025-10-08,2025-10-11,14.99,25.20
2025-09-24 10:12:45,13,2025-10-07,2025-10-10,14.99,28.99
2025-09-24 10:12:45,12,2025-10-06,2025-10-09,14.99,14.99
2025-09-24 10:12:45,11,2025-10-05,2025-10-08,18.24,14.99
2025-09-24 10:12:45,10,2025-10-04,2025-10-07,14.99,14.99
2025-09-24 10:12:45,9,2025-10-03,2025-10-06,42.99,46.99
2025-09-24 10:12:45,8,2025-10-02,2025-10-05,36.99,66.99
2025-09-24 10:12:45,7,2025-10-01,2025-10-04,14.99,14.99
2025-09-24 10:12:45,6,2025-09-30,2025-10-03,15.27,23.82
2025-09-24 10:12:45,5,2025-09-29,2025-10-02,14.99,25.99
2025-09-24 10:12:45,4,2025-09-28,2025-10-01,35.99,14.99
2025-09-24 10:12:45,3,2025-09-27,2025-09-30,14.99,74.16
2025-09-24 10:12:45,2,2025-09-26,2025-09-29,74.99,108.33
2025-09-24 10:12:45,1,2025-09-25,2025-09-28,44.99,120.91
2025-09-24 10:12:45,0,2025-09-24,2025-09-27,137.45,53.99
2025-09-24 18:23:37,28,2025-10-22,2025-10-25,25.93,21.35
2025-09-24 18:23:37,27,2025-10-21,2025-10-24,14.99,26.59
2025-09-24 18:23:37,26,2025-10-20,2025-10-23,29.95,14.99
2025-09-24 18:23:37,25,2025-10-19,2025-10-22,50.90,14.99
2025-09-24 18:23:37,24,2025-10-18,2025-10-21,20.35,14.99
2025-09-24 18:23:37,23,2025-10-17,2025-10-20,50.99,20.35
2025-09-24 18:23:37,22,2025-10-16,2025-10-19,17.00,33.99
2025-09-24 18:23:37,21,2025-10-15,2025-10-18,14.99,14.99
2025-09-24 18:23:37,20,2025-10-14,2025-10-17,14.99,19.99
2025-09-24 18:23:37,19,2025-10-13,2025-10-16,16.99,14.99
2025-09-24 18:23:37,18,2025-10-12,2025-10-15,19.99,14.99
2025-09-24 18:23:37,17,2025-10-11,2025-10-14,14.99,14.99
2025-09-24 18:23:37,16,2025-10-10,2025-10-13,39.43,52.99
2025-09-24 18:23:37,15,2025-10-09,2025-10-12,24.31,49.99
2025-09-24 18:23:37,14,2025-10-08,2025-10-11,15.47,25.20
2025-09-24 18:23:37,13,2025-10-07,2025-10-10,15.24,35.99
2025-09-24 18:23:37,12,2025-10-06,2025-10-09,14.99,21.49
2025-09-24 18:23:37,11,2025-10-05,2025-10-08,32.09,14.99
2025-09-24 18:23:37,10,2025-10-04,2025-10-07,14.99,16.07
2025-09-24 18:23:37,9,2025-10-03,2025-10-06,42.99,46.99
2025-09-24 18:23:37,8,2025-10-02,2025-10-05,36.99,73.99
2025-09-24 18:23:37,7,2025-10-01,2025-10-04,14.99,21.99
2025-09-24 18:23:37,6,2025-09-30,2025-10-03,16.09,23.82
2025-09-24 18:23:37,5,2025-09-29,2025-10-02,18.29,25.99
2025-09-24 18:23:37,4,2025-09-28,2025-10-01,35.99,20.99
2025-09-24 18:23:37,3,2025-09-27,2025-09-30,15.96,74.16
2025-09-24 18:23:37,2,2025-09-26,2025-09-29,74.99,108.33
2025-09-24 18:23:37,1,2025-09-25,2025-09-28,106.75,120.91
2025-09-24 18:23:37,0,2025-09-24,2025-09-27,53.99,N/A
2025-09-25 10:12:34,27,2025-10-22,2025-10-25,20.29,18.59
2025-09-25 10:12:34,26,2025-10-21,2025-10-24,14.99,14.99
2025-09-25 10:12:34,25,2025-10-20,2025-10-23,18.59,14.99
2025-09-25 10:12:34,24,2025-10-19,2025-10-22,39.89,15.20
2025-09-25 10:12:34,23,2025-10-18,2025-10-21,19.59,14.99
2025-09-25 10:12:34,22,2025-10-17,2025-10-20,50.99,22.39
2025-09-25 10:12:34,21,2025-10-16,2025-10-19,14.99,37.99
2025-09-25 10:12:34,20,2025-10-15,2025-10-18,14.99,14.99
2025-09-25 10:12:34,19,2025-10-14,2025-10-17,15.18,14.99
2025-09-25 10:12:34,18,2025-10-13,2025-10-16,18.00,14.99
2025-09-25 10:12:34,17,2025-10-12,2025-10-15,17.99,14.99
2025-09-25 10:12:34,16,2025-10-11,2025-10-14,14.99,14.99
2025-09-25 10:12:34,15,2025-10-10,2025-10-13,25.19,51.89
2025-09-25 10:12:34,14,2025-10-09,2025-10-12,14.99,49.99
2025-09-25 10:12:34,13,2025-10-08,2025-10-11,15.22,14.99
2025-09-25 10:12:34,12,2025-10-07,2025-10-10,14.99,28.19
2025-09-25 10:12:34,11,2025-10-06,2025-10-09,16.00,20.29
2025-09-25 10:12:34,10,2025-10-05,2025-10-08,14.99,15.27
2025-09-25 10:12:34,9,2025-10-04,2025-10-07,14.99,17.74
2025-09-25 10:12:34,8,2025-10-03,2025-10-06,42.99,46.99
2025-09-25 10:12:34,7,2025-10-02,2025-10-05,32.99,73.99
2025-09-25 10:12:34,6,2025-10-01,2025-10-04,15.80,16.37
2025-09-25 10:12:34,5,2025-09-30,2025-10-03,14.99,30.99
2025-09-25 10:12:34,4,2025-09-29,2025-10-02,16.82,25.99
2025-09-25 10:12:34,3,2025-09-28,2025-10-01,35.99,19.39
2025-09-25 10:12:34,2,2025-09-27,2025-09-30,15.32,64.99
2025-09-25 10:12:34,1,2025-09-26,2025-09-29,132.99,119.13
2025-09-25 10:12:34,0,2025-09-25,2025-09-28,145.02,199.76
2025-09-25 18:25:28,27,2025-10-22,2025-10-25,20.29,14.99
2025-09-25 18:25:28,26,2025-10-21,2025-10-24,14.99,14.99
2025-09-25 18:25:28,25,2025-10-20,2025-10-23,25.39,15.20
2025-09-25 18:25:28,24,2025-10-19,2025-10-22,45.99,15.20
2025-09-25 18:25:28,23,2025-10-18,2025-10-21,14.99,14.99
2025-09-25 18:25:28,22,2025-10-17,2025-10-20,52.99,14.99
2025-09-25 18:25:28,21,2025-10-16,2025-10-19,18.66,37.99
2025-09-25 18:25:28,20,2025-10-15,2025-10-18,18.60,14.99
2025-09-25 18:25:28,19,2025-10-14,2025-10-17,15.57,19.39
2025-09-25 18:25:28,18,2025-10-13,2025-10-16,17.00,14.99
2025-09-25 18:25:28,17,2025-10-12,2025-10-15,17.99,15.38
2025-09-25 18:25:28,16,2025-10-11,2025-10-14,15.58,15.00
2025-09-25 18:25:28,15,2025-10-10,2025-10-13,25.19,51.89
2025-09-25 18:25:28,14,2025-10-09,2025-10-12,18.59,49.99
2025-09-25 18:25:28,13,2025-10-08,2025-10-11,14.99,14.99
2025-09-25 18:25:28,12,2025-10-07,2025-10-10,15.58,28.19
2025-09-25 18:25:28,11,2025-10-06,2025-10-09,17.74,14.99
2025-09-25 18:25:28,10,2025-10-05,2025-10-08,14.99,15.28
2025-09-25 18:25:28,9,2025-10-04,2025-10-07,15.51,22.99
2025-09-25 18:25:28,8,2025-10-03,2025-10-06,42.99,46.99
2025-09-25 18:25:28,7,2025-10-02,2025-10-05,32.99,76.99
2025-09-25 18:25:28,6,2025-10-01,2025-10-04,17.03,18.66
2025-09-25 18:25:28,5,2025-09-30,2025-10-03,15.86,40.99
2025-09-25 18:25:28,4,2025-09-29,2025-10-02,22.32,25.99
2025-09-25 18:25:28,3,2025-09-28,2025-10-01,35.99,25.69
2025-09-25 18:25:28,2,2025-09-27,2025-09-30,15.66,64.99
2025-09-25 18:25:28,1,2025-09-26,2025-09-29,131.99,119.13
2025-09-25 18:25:28,0,2025-09-25,2025-09-28,228.99,N/A
2025-09-26 10:11:57,26,2025-10-22,2025-10-25,25.70,21.47
2025-09-26 10:11:57,25,2025-10-21,2025-10-24,14.99,24.63
2025-09-26 10:11:57,24,2025-10-20,2025-10-23,39.99,14.99
2025-09-26 10:11:57,23,2025-10-19,2025-10-22,55.17,14.99
2025-09-26 10:11:57,22,2025-10-18,2025-10-21,16.37,14.99
2025-09-26 10:11:57,21,2025-10-17,2025-10-20,54.69,24.63
2025-09-26 10:11:57,20,2025-10-16,2025-10-19,19.39,49.99
2025-09-26 10:11:57,19,2025-10-15,2025-10-18,14.99,14.99
2025-09-26 10:11:57,18,2025-10-14,2025-10-17,14.99,23.99
2025-09-26 10:11:57,17,2025-10-13,2025-10-16,23.65,14.99
2025-09-26 10:11:57,16,2025-10-12,2025-10-15,19.99,14.99
2025-09-26 10:11:57,15,2025-10-11,2025-10-14,14.99,14.99
2025-09-26 10:11:57,14,2025-10-10,2025-10-13,28.09,62.99
2025-09-26 10:11:57,13,2025-10-09,2025-10-12,14.99,49.99
2025-09-26 10:11:57,12,2025-10-08,2025-10-11,14.99,25.63
2025-09-26 10:11:57,11,2025-10-07,2025-10-10,14.99,25.77
2025-09-26 10:11:57,10,2025-10-06,2025-10-09,14.99,18.41
2025-09-26 10:11:57,9,2025-10-05,2025-10-08,19.32,15.29
2025-09-26 10:11:57,8,2025-10-04,2025-10-07,14.99,22.99
2025-09-26 10:11:57,7,2025-10-03,2025-10-06,42.99,46.99
2025-09-26 10:11:57,6,2025-10-02,2025-10-05,36.99,76.99
2025-09-26 10:11:57,5,2025-10-01,2025-10-04,15.54,17.19
2025-09-26 10:11:57,4,2025-09-30,2025-10-03,15.34,39.88
2025-09-26 10:11:57,3,2025-09-29,2025-10-02,27.17,25.99
2025-09-26 10:11:57,2,2025-09-28,2025-10-01,35.99,27.99
2025-09-26 10:11:57,1,2025-09-27,2025-09-30,15.37,74.51
2025-09-26 10:11:57,0,2025-09-26,2025-09-29,141.03,145.02
2025-09-26 18:22:59,26,2025-10-22,2025-10-25,25.70,21.47
2025-09-26 18:22:59,25,2025-10-21,2025-10-24,16.61,24.63
2025-09-26 18:22:59,24,2025-10-20,2025-10-23,39.99,15.80
2025-09-26 18:22:59,23,2025-10-19,2025-10-22,61.47,14.99
2025-09-26 18:22:59,22,2025-10-18,2025-10-21,19.11,14.99
2025-09-26 18:22:59,21,2025-10-17,2025-10-20,54.69,24.63
2025-09-26 18:22:59,20,2025-10-16,2025-10-19,22.69,50.99
2025-09-26 18:22:59,19,2025-10-15,2025-10-18,14.99,15.37
2025-09-26 18:22:59,18,2025-10-14,2025-10-17,14.99,23.99
2025-09-26 18:22:59,17,2025-10-13,2025-10-16,21.99,14.99
2025-09-26 18:22:59,16,2025-10-12,2025-10-15,22.99,14.99
2025-09-26 18:22:59,15,2025-10-11,2025-10-14,14.99,15.68
2025-09-26 18:22:59,14,2025-10-10,2025-10-13,28.09,67.99
2025-09-26 18:22:59,13,2025-10-09,2025-10-12,16.43,49.99
2025-09-26 18:22:59,12,2025-10-08,2025-10-11,15.44,25.63
2025-09-26 18:22:59,11,2025-10-07,2025-10-10,14.99,25.77
2025-09-26 18:22:59,10,2025-10-06,2025-10-09,20.79,19.10
2025-09-26 18:22:59,9,2025-10-05,2025-10-08,31.31,15.88
2025-09-26 18:22:59,8,2025-10-04,2025-10-07,16.30,26.29
2025-09-26 18:22:59,7,2025-10-03,2025-10-06,42.99,46.99
2025-09-26 18:22:59,6,2025-10-02,2025-10-05,36.99,70.99
2025-09-26 18:22:59,5,2025-10-01,2025-10-04,17.74,34.55
2025-09-26 18:22:59,4,2025-09-30,2025-10-03,16.76,41.99
2025-09-26 18:22:59,3,2025-09-29,2025-10-02,49.99,25.99
2025-09-26 18:22:59,2,2025-09-28,2025-10-01,35.99,27.29
2025-09-26 18:22:59,1,2025-09-27,2025-09-30,18.78,74.99
2025-09-26 18:22:59,0,2025-09-26,2025-09-29,184.30,145.02
2025-09-27 10:10:18,25,2025-10-22,2025-10-25,14.99,27.99
2025-09-27 10:10:18,24,2025-10-21,2025-10-24,14.99,23.80
2025-09-27 10:10:18,23,2025-10-20,2025-10-23,39.99,14.99
2025-09-27 10:10:18,22,2025-10-19,2025-10-22,53.34,14.99
2025-09-27 10:10:18,21,2025-10-18,2025-10-21,17.19,14.99
2025-09-27 10:10:18,20,2025-10-17,2025-10-20,49.04,35.99
2025-09-27 10:10:18,19,2025-10-16,2025-10-19,28.33,44.99
2025-09-27 10:10:18,18,2025-10-15,2025-10-18,14.99,14.99
2025-09-27 10:10:18,17,2025-10-14,2025-10-17,14.99,23.99
2025-09-27 10:10:18,16,2025-10-13,2025-10-16,22.00,14.99
2025-09-27 10:10:18,15,2025-10-12,2025-10-15,25.00,14.99
2025-09-27 10:10:18,14,2025-10-11,2025-10-14,14.99,15.76
2025-09-27 10:10:18,13,2025-10-10,2025-10-13,22.64,61.99
2025-09-27 10:10:18,12,2025-10-09,2025-10-12,14.99,49.99
2025-09-27 10:10:18,11,2025-10-08,2025-10-11,14.99,24.98
2025-09-27 10:10:18,10,2025-10-07,2025-10-10,14.99,14.99
2025-09-27 10:10:18,9,2025-10-06,2025-10-09,20.00,14.99
2025-09-27 10:10:18,8,2025-10-05,2025-10-08,31.31,15.29
2025-09-27 10:10:18,7,2025-10-04,2025-10-07,15.28,26.29
2025-09-27 10:10:18,6,2025-10-03,2025-10-06,42.99,46.99
2025-09-27 10:10:18,5,2025-10-02,2025-10-05,34.13,86.99
2025-09-27 10:10:18,4,2025-10-01,2025-10-04,15.72,37.99
2025-09-27 10:10:18,3,2025-09-30,2025-10-03,14.99,39.88
2025-09-27 10:10:18,2,2025-09-29,2025-10-02,56.99,25.99
2025-09-27 10:10:18,1,2025-09-28,2025-10-01,35.99,27.29
2025-09-27 10:10:18,0,2025-09-27,2025-09-30,106.42,98.47
2025-09-27 18:21:29,25,2025-10-22,2025-10-25,17.59,27.99
2025-09-27 18:21:29,24,2025-10-21,2025-10-24,15.64,27.30
2025-09-27 18:21:29,23,2025-10-20,2025-10-23,39.99,15.47
2025-09-27 18:21:29,22,2025-10-19,2025-10-22,53.34,14.99
2025-09-27 18:21:29,21,2025-10-18,2025-10-21,21.59,15.18
2025-09-27 18:21:29,20,2025-10-17,2025-10-20,54.99,35.99
2025-09-27 18:21:29,19,2025-10-16,2025-10-19,25.63,44.99
2025-09-27 18:21:29,18,2025-10-15,2025-10-18,14.99,15.79
2025-09-27 18:21:29,17,2025-10-14,2025-10-17,15.38,23.99
2025-09-27 18:21:29,16,2025-10-13,2025-10-16,22.00,14.99
2025-09-27 18:21:29,15,2025-10-12,2025-10-15,25.00,14.99
2025-09-27 18:21:29,14,2025-10-11,2025-10-14,14.99,15.76
2025-09-27 18:21:29,13,2025-10-10,2025-10-13,43.24,61.99
2025-09-27 18:21:29,12,2025-10-09,2025-10-12,14.99,49.99
2025-09-27 18:21:29,11,2025-10-08,2025-10-11,15.44,25.63
2025-09-27 18:21:29,10,2025-10-07,2025-10-10,14.99,20.76
2025-09-27 18:21:29,9,2025-10-06,2025-10-09,21.99,16.43
2025-09-27 18:21:29,8,2025-10-05,2025-10-08,37.65,17.67
2025-09-27 18:21:29,7,2025-10-04,2025-10-07,16.44,26.29
2025-09-27 18:21:29,6,2025-10-03,2025-10-06,42.99,46.99
2025-09-27 18:21:29,5,2025-10-02,2025-10-05,36.99,86.99
2025-09-27 18:21:29,4,2025-10-01,2025-10-04,17.92,37.99
2025-09-27 18:21:29,3,2025-09-30,2025-10-03,15.45,39.88
2025-09-27 18:21:29,2,2025-09-29,2025-10-02,56.99,25.99
2025-09-27 18:21:29,1,2025-09-28,2025-10-01,35.99,27.29
2025-09-27 18:21:29,0,2025-09-27,2025-09-30,114.00,98.47
2025-09-28 10:10:56,24,2025-10-22,2025-10-25,14.99,25.77
2025-09-28 10:10:56,23,2025-10-21,2025-10-24,14.99,24.63
2025-09-28 10:10:56,22,2025-10-20,2025-10-23,39.99,14.99
2025-09-28 10:10:56,21,2025-10-19,2025-10-22,51.87,14.99
2025-09-28 10:10:56,20,2025-10-18,2025-10-21,16.82,15.18
2025-09-28 10:10:56,19,2025-10-17,2025-10-20,54.99,35.99
2025-09-28 10:10:56,18,2025-10-16,2025-10-19,25.63,44.99
2025-09-28 10:10:56,17,2025-10-15,2025-10-18,14.99,14.99
2025-09-28 10:10:56,16,2025-10-14,2025-10-17,14.99,23.99
2025-09-28 10:10:56,15,2025-10-13,2025-10-16,20.79,14.99
2025-09-28 10:10:56,14,2025-10-12,2025-10-15,25.99,14.99
2025-09-28 10:10:56,13,2025-10-11,2025-10-14,14.99,14.99
2025-09-28 10:10:56,12,2025-10-10,2025-10-13,45.66,61.99
2025-09-28 10:10:56,11,2025-10-09,2025-10-12,25.63,49.99
2025-09-28 10:10:56,10,2025-10-08,2025-10-11,14.99,18.66
2025-09-28 10:10:56,9,2025-10-07,2025-10-10,14.99,14.99
2025-09-28 10:10:56,8,2025-10-06,2025-10-09,21.99,14.99
2025-09-28 10:10:56,7,2025-10-05,2025-10-08,41.09,14.99
2025-09-28 10:10:56,6,2025-10-04,2025-10-07,14.99,14.99
2025-09-28 10:10:56,5,2025-10-03,2025-10-06,42.99,46.99
2025-09-28 10:10:56,4,2025-10-02,2025-10-05,36.99,94.04
2025-09-28 10:10:56,3,2025-10-01,2025-10-04,15.91,26.29
2025-09-28 10:10:56,2,2025-09-30,2025-10-03,15.84,55.99
2025-09-28 10:10:56,1,2025-09-29,2025-10-02,56.99,25.99
2025-09-28 10:10:56,0,2025-09-28,2025-10-01,100.84,26.29
2025-09-28 18:21:42,24,2025-10-22,2025-10-25,14.99,14.99
2025-09-28 18:21:42,23,2025-10-21,2025-10-24,14.99,14.99
2025-09-28 18:21:42,22,2025-10-20,2025-10-23,14.99,14.99
2025-09-28 18:21:42,21,2025-10-19,2025-10-22,51.87,14.99
2025-09-28 18:21:42,20,2025-10-18,2025-10-21,23.65,14.99
2025-09-28 18:21:42,19,2025-10-17,2025-10-20,14.99,14.99
2025-09-28 18:21:42,18,2025-10-16,2025-10-19,14.99,56.99
2025-09-28 18:21:42,17,2025-10-15,2025-10-18,16.43,14.99
2025-09-28 18:21:42,16,2025-10-14,2025-10-17,14.99,14.99
2025-09-28 18:21:42,15,2025-10-13,2025-10-16,14.99,14.99
2025-09-28 18:21:42,14,2025-10-12,2025-10-15,17.99,14.99
2025-09-28 18:21:42,13,2025-10-11,2025-10-14,14.99,15.53
2025-09-28 18:21:42,12,2025-10-10,2025-10-13,14.99,61.99
2025-09-28 18:21:42,11,2025-10-09,2025-10-12,14.99,14.99
2025-09-28 18:21:42,10,2025-10-08,2025-10-11,14.99,14.99
2025-09-28 18:21:42,9,2025-10-07,2025-10-10,15.13,24.31
2025-09-28 18:21:42,8,2025-10-06,2025-10-09,14.99,14.99
2025-09-28 18:21:42,7,2025-10-05,2025-10-08,47.34,14.99
2025-09-28 18:21:42,6,2025-10-04,2025-10-07,14.99,14.99
2025-09-28 18:21:42,5,2025-10-03,2025-10-06,14.99,14.99
2025-09-28 18:21:42,4,2025-10-02,2025-10-05,14.99,86.99
2025-09-28 18:21:42,3,2025-10-01,2025-10-04,21.41,14.99
2025-09-28 18:21:42,2,2025-09-30,2025-10-03,19.64,52.99
2025-09-28 18:21:42,1,2025-09-29,2025-10-02,56.99,14.99
2025-09-28 18:21:42,0,2025-09-28,2025-10-01,14.99,N/A
2025-09-29 10:13:15,23,2025-10-22,2025-10-25,14.99,15.00
2025-09-29 10:13:15,22,2025-10-21,2025-10-24,14.99,21.99
2025-09-29 10:13:15,21,2025-10-20,2025-10-23,15.00,14.99
2025-09-29 10:13:15,20,2025-10-19,2025-10-22,61.47,14.99
2025-09-29 10:13:15,19,2025-10-18,2025-10-21,25.98,14.99
2025-09-29 10:13:15,18,2025-10-17,2025-10-20,46.00,22.00
2025-09-29 10:13:15,17,2025-10-16,2025-10-19,18.00,49.04
2025-09-29 10:13:15,16,2025-10-15,2025-10-18,14.99,14.99
2025-09-29 10:13:15,15,2025-10-14,2025-10-17,14.99,19.00
2025-09-29 10:13:15,14,2025-10-13,2025-10-16,15.00,14.99
2025-09-29 10:13:15,13,2025-10-12,2025-10-15,15.00,14.99
2025-09-29 10:13:15,12,2025-10-11,2025-10-14,14.99,15.00
2025-09-29 10:13:15,11,2025-10-10,2025-10-13,44.33,59.99
2025-09-29 10:13:15,10,2025-10-09,2025-10-12,14.99,37.99
2025-09-29 10:13:15,9,2025-10-08,2025-10-11,14.99,14.99
2025-09-29 10:13:15,8,2025-10-07,2025-10-10,15.00,34.55
2025-09-29 10:13:15,7,2025-10-06,2025-10-09,18.00,14.99
2025-09-29 10:13:15,6,2025-10-05,2025-10-08,56.52,14.99
2025-09-29 10:13:15,5,2025-10-04,2025-10-07,14.99,15.00
2025-09-29 10:13:15,4,2025-10-03,2025-10-06,25.99,66.99
2025-09-29 10:13:15,3,2025-10-02,2025-10-05,25.00,102.65
2025-09-29 10:13:15,2,2025-10-01,2025-10-04,16.56,18.99
2025-09-29 10:13:15,1,2025-09-30,2025-10-03,14.99,64.99
2025-09-29 10:13:15,0,2025-09-29,2025-10-02,106.99,36.99
2025-09-29 18:25:48,23,2025-10-22,2025-10-25,19.32,19.69
2025-09-29 18:25:48,22,2025-10-21,2025-10-24,16.72,21.99
2025-09-29 18:25:48,21,2025-10-20,2025-10-23,27.00,14.99
2025-09-29 18:25:48,20,2025-10-19,2025-10-22,61.47,14.99
2025-09-29 18:25:48,19,2025-10-18,2025-10-21,25.98,14.99
2025-09-29 18:25:48,18,2025-10-17,2025-10-20,42.99,21.99
2025-09-29 18:25:48,17,2025-10-16,2025-10-19,17.00,55.99
2025-09-29 18:25:48,16,2025-10-15,2025-10-18,14.99,15.21
2025-09-29 18:25:48,15,2025-10-14,2025-10-17,15.20,16.99
2025-09-29 18:25:48,14,2025-10-13,2025-10-16,15.00,14.99
2025-09-29 18:25:48,13,2025-10-12,2025-10-15,22.00,15.00
2025-09-29 18:25:48,12,2025-10-11,2025-10-14,15.45,14.99
2025-09-29 18:25:48,11,2025-10-10,2025-10-13,47.99,70.99
2025-09-29 18:25:48,10,2025-10-09,2025-10-12,18.66,61.99
2025-09-29 18:25:48,9,2025-10-08,2025-10-11,16.00,18.99
2025-09-29 18:25:48,8,2025-10-07,2025-10-10,15.00,36.03
2025-09-29 18:25:48,7,2025-10-06,2025-10-09,20.99,21.49
2025-09-29 18:25:48,6,2025-10-05,2025-10-08,64.16,14.99
2025-09-29 18:25:48,5,2025-10-04,2025-10-07,15.30,25.63
2025-09-29 18:25:48,4,2025-10-03,2025-10-06,25.99,85.65
2025-09-29 18:25:48,3,2025-10-02,2025-10-05,30.99,102.65
2025-09-29 18:25:48,2,2025-10-01,2025-10-04,31.35,18.99
2025-09-29 18:25:48,1,2025-09-30,2025-10-03,31.99,65.99
2025-09-29 18:25:48,0,2025-09-29,2025-10-02,32.99,N/A
2025-09-30 10:12:36,22,2025-10-22,2025-10-25,14.99,25.19
2025-09-30 10:12:36,21,2025-10-21,2025-10-24,15.99,21.99
2025-09-30 10:12:36,20,2025-10-20,2025-10-23,26.99,14.99
2025-09-30 10:12:36,19,2025-10-19,2025-10-22,58.08,14.99
2025-09-30 10:12:36,18,2025-10-18,2025-10-21,14.99,14.99
2025-09-30 10:12:36,17,2025-10-17,2025-10-20,51.99,23.99
2025-09-30 10:12:36,16,2025-10-16,2025-10-19,22.99,64.83
2025-09-30 10:12:36,15,2025-10-15,2025-10-18,14.99,15.25
2025-09-30 10:12:36,14,2025-10-14,2025-10-17,14.99,17.99
2025-09-30 10:12:36,13,2025-10-13,2025-10-16,15.00,15.21
2025-09-30 10:12:36,12,2025-10-12,2025-10-15,23.99,14.99
2025-09-30 10:12:36,11,2025-10-11,2025-10-14,14.99,14.99
2025-09-30 10:12:36,10,2025-10-10,2025-10-13,44.33,48.93
2025-09-30 10:12:36,9,2025-10-09,2025-10-12,14.99,67.99
2025-09-30 10:12:36,8,2025-10-08,2025-10-11,14.99,14.99
2025-09-30 10:12:36,7,2025-10-07,2025-10-10,14.99,32.73
2025-09-30 10:12:36,6,2025-10-06,2025-10-09,14.99,14.99
2025-09-30 10:12:36,5,2025-10-05,2025-10-08,64.83,14.99
2025-09-30 10:12:36,4,2025-10-04,2025-10-07,14.99,25.98
2025-09-30 10:12:36,3,2025-10-03,2025-10-06,51.99,70.99
2025-09-30 10:12:36,2,2025-10-02,2025-10-05,35.99,100.32
2025-09-30 10:12:36,1,2025-10-01,2025-10-04,34.99,25.99
2025-09-30 10:12:36,0,2025-09-30,2025-10-03,99.99,61.99
2025-09-30 18:23:11,22,2025-10-22,2025-10-25,20.77,25.19
2025-09-30 18:23:11,21,2025-10-21,2025-10-24,14.99,24.99
2025-09-30 18:23:11,20,2025-10-20,2025-10-23,30.99,15.22
2025-09-30 18:23:11,19,2025-10-19,2025-10-22,58.08,14.99
2025-09-30 18:23:11,18,2025-10-18,2025-10-21,20.49,15.97
2025-09-30 18:23:11,17,2025-10-17,2025-10-20,51.99,23.99
2025-09-30 18:23:11,16,2025-10-16,2025-10-19,20.99,48.93
2025-09-30 18:23:11,15,2025-10-15,2025-10-18,17.16,16.01
2025-09-30 18:23:11,14,2025-10-14,2025-10-17,15.79,16.99
2025-09-30 18:23:11,13,2025-10-13,2025-10-16,21.00,15.22
2025-09-30 18:23:11,12,2025-10-12,2025-10-15,20.99,15.00
2025-09-30 18:23:11,11,2025-10-11,2025-10-14,15.70,15.28
2025-09-30 18:23:11,10,2025-10-10,2025-10-13,44.33,48.93
2025-09-30 18:23:11,9,2025-10-09,2025-10-12,25.70,76.99
2025-09-30 18:23:11,8,2025-10-08,2025-10-11,14.99,16.99
2025-09-30 18:23:11,7,2025-10-07,2025-10-10,15.13,38.33
2025-09-30 18:23:11,6,2025-10-06,2025-10-09,18.37,18.89
2025-09-30 18:23:11,5,2025-10-05,2025-10-08,60.41,15.71
2025-09-30 18:23:11,4,2025-10-04,2025-10-07,14.99,25.98
2025-09-30 18:23:11,3,2025-10-03,2025-10-06,88.99,81.22
2025-09-30 18:23:11,2,2025-10-02,2025-10-05,35.99,114.84
2025-09-30 18:23:11,1,2025-10-01,2025-10-04,35.99,21.00
2025-09-30 18:23:11,0,2025-09-30,2025-10-03,109.99,64.99
2025-10-01 10:12:43,21,2025-10-22,2025-10-25,26.40,26.88
2025-10-01 10:12:43,20,2025-10-21,2025-10-24,14.99,24.99
2025-10-01 10:12:43,19,2025-10-20,2025-10-23,30.99,14.99
2025-10-01 10:12:43,18,2025-10-19,2025-10-22,70.60,14.99
2025-10-01 10:12:43,17,2025-10-18,2025-10-21,31.35,14.99
2025-10-01 10:12:43,16,2025-10-17,2025-10-20,51.99,23.99
2025-10-01 10:12:43,15,2025-10-16,2025-10-19,27.96,68.67
2025-10-01 10:12:43,14,2025-10-15,2025-10-18,20.19,14.99
2025-10-01 10:12:43,13,2025-10-14,2025-10-17,14.99,17.00
2025-10-01 10:12:43,12,2025-10-13,2025-10-16,15.00,14.99
2025-10-01 10:12:43,11,2025-10-12,2025-10-15,21.00,14.99
2025-10-01 10:12:43,10,2025-10-11,2025-10-14,14.99,14.99
2025-10-01 10:12:43,9,2025-10-10,2025-10-13,39.88,72.99
2025-10-01 10:12:43,8,2025-10-09,2025-10-12,27.96,108.99
2025-10-01 10:12:43,7,2025-10-08,2025-10-11,15.29,21.99
2025-10-01 10:12:43,6,2025-10-07,2025-10-10,14.99,48.33
2025-10-01 10:12:43,5,2025-10-06,2025-10-09,25.63,14.99
2025-10-01 10:12:43,4,2025-10-05,2025-10-08,46.46,14.99
2025-10-01 10:12:43,3,2025-10-04,2025-10-07,14.99,14.99
2025-10-01 10:12:43,2,2025-10-03,2025-10-06,95.27,92.31
2025-10-01 10:12:43,1,2025-10-02,2025-10-05,50.99,117.35
2025-10-01 10:12:43,0,2025-10-01,2025-10-04,99.99,28.99
2025-10-01 18:24:45,21,2025-10-22,2025-10-25,31.51,26.88
2025-10-01 18:24:45,20,2025-10-21,2025-10-24,14.99,23.99
2025-10-01 18:24:45,19,2025-10-20,2025-10-23,30.99,14.99
2025-10-01 18:24:45,18,2025-10-19,2025-10-22,70.60,14.99
2025-10-01 18:24:45,17,2025-10-18,2025-10-21,31.35,15.19
2025-10-01 18:24:45,16,2025-10-17,2025-10-20,51.99,23.99
2025-10-01 18:24:45,15,2025-10-16,2025-10-19,27.96,68.67
2025-10-01 18:24:45,14,2025-10-15,2025-10-18,26.29,14.99
2025-10-01 18:24:45,13,2025-10-14,2025-10-17,15.18,18.00
2025-10-01 18:24:45,12,2025-10-13,2025-10-16,20.99,14.99
2025-10-01 18:24:45,11,2025-10-12,2025-10-15,29.99,15.24
2025-10-01 18:24:45,10,2025-10-11,2025-10-14,15.42,15.26
2025-10-01 18:24:45,9,2025-10-10,2025-10-13,31.35,72.99
2025-10-01 18:24:45,8,2025-10-09,2025-10-12,27.96,113.99
2025-10-01 18:24:45,7,2025-10-08,2025-10-11,15.75,21.99
2025-10-01 18:24:45,6,2025-10-07,2025-10-10,14.99,49.99
2025-10-01 18:24:45,5,2025-10-06,2025-10-09,22.99,25.99
2025-10-01 18:24:45,4,2025-10-05,2025-10-08,46.46,15.41
2025-10-01 18:24:45,3,2025-10-04,2025-10-07,16.66,25.98
2025-10-01 18:24:45,2,2025-10-03,2025-10-06,103.35,86.99
2025-10-01 18:24:45,1,2025-10-02,2025-10-05,74.94,117.35
2025-10-01 18:24:45,0,2025-10-01,2025-10-04,106.99,36.32
2025-10-02 10:11:42,20,2025-10-22,2025-10-25,29.67,26.04
2025-10-02 10:11:42,19,2025-10-21,2025-10-24,14.99,23.99
2025-10-02 10:11:42,18,2025-10-20,2025-10-23,30.99,14.99
2025-10-02 10:11:42,17,2025-10-19,2025-10-22,64.83,15.20
2025-10-02 10:11:42,16,2025-10-18,2025-10-21,26.29,14.99
2025-10-02 10:11:42,15,2025-10-17,2025-10-20,62.99,23.99
2025-10-02 10:11:42,14,2025-10-16,2025-10-19,32.99,69.99
2025-10-02 10:11:42,13,2025-10-15,2025-10-18,14.99,14.99
2025-10-02 10:11:42,12,2025-10-14,2025-10-17,15.19,17.00
2025-10-02 10:11:42,11,2025-10-13,2025-10-16,19.00,14.99
2025-10-02 10:11:42,10,2025-10-12,2025-10-15,21.99,14.99
2025-10-02 10:11:42,9,2025-10-11,2025-10-14,14.99,15.76
2025-10-02 10:11:42,8,2025-10-10,2025-10-13,33.26,77.99
2025-10-02 10:11:42,7,2025-10-09,2025-10-12,27.29,103.99
2025-10-02 10:11:42,6,2025-10-08,2025-10-11,15.28,26.99
2025-10-02 10:11:42,5,2025-10-07,2025-10-10,14.99,50.99
2025-10-02 10:11:42,4,2025-10-06,2025-10-09,18.00,24.99
2025-10-02 10:11:42,3,2025-10-05,2025-10-08,47.97,16.46
2025-10-02 10:11:42,2,2025-10-04,2025-10-07,14.99,22.88
2025-10-02 10:11:42,1,2025-10-03,2025-10-06,130.28,90.99
2025-10-02 10:11:42,0,2025-10-02,2025-10-05,125.37,129.28
2025-10-02 18:24:33,20,2025-10-22,2025-10-25,24.05,24.99
2025-10-02 18:24:33,19,2025-10-21,2025-10-24,19.99,23.99
2025-10-02 18:24:33,18,2025-10-20,2025-10-23,30.99,14.99
2025-10-02 18:24:33,17,2025-10-19,2025-10-22,64.83,15.41
2025-10-02 18:24:33,16,2025-10-18,2025-10-21,32.19,15.19
2025-10-02 18:24:33,15,2025-10-17,2025-10-20,62.99,23.99
2025-10-02 18:24:33,14,2025-10-16,2025-10-19,32.99,62.99
2025-10-02 18:24:33,13,2025-10-15,2025-10-18,14.99,16.06
2025-10-02 18:24:33,12,2025-10-14,2025-10-17,15.58,17.00
2025-10-02 18:24:33,11,2025-10-13,2025-10-16,27.99,14.99
2025-10-02 18:24:33,10,2025-10-12,2025-10-15,24.99,14.99
2025-10-02 18:24:33,9,2025-10-11,2025-10-14,15.41,16.27
2025-10-02 18:24:33,8,2025-10-10,2025-10-13,33.26,68.99
2025-10-02 18:24:33,7,2025-10-09,2025-10-12,27.29,98.99
2025-10-02 18:24:33,6,2025-10-08,2025-10-11,16.73,26.99
2025-10-02 18:24:33,5,2025-10-07,2025-10-10,15.54,44.99
2025-10-02 18:24:33,4,2025-10-06,2025-10-09,19.00,24.99
2025-10-02 18:24:33,3,2025-10-05,2025-10-08,47.97,17.56
2025-10-02 18:24:33,2,2025-10-04,2025-10-07,16.89,25.98
2025-10-02 18:24:33,1,2025-10-03,2025-10-06,130.28,112.71
2025-10-02 18:24:33,0,2025-10-02,2025-10-05,129.28,N/A
2025-10-03 10:12:08,19,2025-10-22,2025-10-25,19.87,25.99
2025-10-03 10:12:08,18,2025-10-21,2025-10-24,14.99,23.99
2025-10-03 10:12:08,17,2025-10-20,2025-10-23,30.99,14.99
2025-10-03 10:12:08,16,2025-10-19,2025-10-22,58.43,14.99
2025-10-03 10:12:08,15,2025-10-18,2025-10-21,38.69,14.99
2025-10-03 10:12:08,14,2025-10-17,2025-10-20,63.99,45.99
2025-10-03 10:12:08,13,2025-10-16,2025-10-19,27.96,67.99
2025-10-03 10:12:08,12,2025-10-15,2025-10-18,17.19,15.32
2025-10-03 10:12:08,11,2025-10-14,2025-10-17,14.99,16.99
2025-10-03 10:12:08,10,2025-10-13,2025-10-16,24.99,14.99
2025-10-03 10:12:08,9,2025-10-12,2025-10-15,17.99,14.99
2025-10-03 10:12:08,8,2025-10-11,2025-10-14,14.99,16.40
2025-10-03 10:12:08,7,2025-10-10,2025-10-13,34.43,75.99
2025-10-03 10:12:08,6,2025-10-09,2025-10-12,25.63,100.99
2025-10-03 10:12:08,5,2025-10-08,2025-10-11,15.66,26.99
2025-10-03 10:12:08,4,2025-10-07,2025-10-10,14.99,45.66
2025-10-03 10:12:08,3,2025-10-06,2025-10-09,19.99,24.05
2025-10-03 10:12:08,2,2025-10-05,2025-10-08,46.46,15.57
2025-10-03 10:12:08,1,2025-10-04,2025-10-07,15.91,24.98
2025-10-03 10:12:08,0,2025-10-03,2025-10-06,127.21,137.20
2025-10-03 18:24:16,19,2025-10-22,2025-10-25,24.31,25.99
2025-10-03 18:24:16,18,2025-10-21,2025-10-24,16.21,23.99
2025-10-03 18:24:16,17,2025-10-20,2025-10-23,30.99,15.61
2025-10-03 18:24:16,16,2025-10-19,2025-10-22,58.43,15.21
2025-10-03 18:24:16,15,2025-10-18,2025-10-21,38.69,15.19
2025-10-03 18:24:16,14,2025-10-17,2025-10-20,63.99,57.99
2025-10-03 18:24:16,13,2025-10-16,2025-10-19,32.99,67.99
2025-10-03 18:24:16,12,2025-10-15,2025-10-18,19.39,16.99
2025-10-03 18:24:16,11,2025-10-14,2025-10-17,15.19,17.99
2025-10-03 18:24:16,10,2025-10-13,2025-10-16,20.99,15.39
2025-10-03 18:24:16,9,2025-10-12,2025-10-15,15.99,15.00
2025-10-03 18:24:16,8,2025-10-11,2025-10-14,16.23,16.40
2025-10-03 18:24:16,7,2025-10-10,2025-10-13,34.43,76.99
2025-10-03 18:24:16,6,2025-10-09,2025-10-12,36.99,95.99
2025-10-03 18:24:16,5,2025-10-08,2025-10-11,16.99,26.99
2025-10-03 18:24:16,4,2025-10-07,2025-10-10,15.19,45.66
2025-10-03 18:24:16,3,2025-10-06,2025-10-09,27.99,25.99
2025-10-03 18:24:16,2,2025-10-05,2025-10-08,46.46,19.04
2025-10-03 18:24:16,1,2025-10-04,2025-10-07,17.74,24.98
2025-10-03 18:24:16,0,2025-10-03,2025-10-06,398.05,133.72
2025-10-04 10:10:27,18,2025-10-22,2025-10-25,25.98,28.99
2025-10-04 10:10:27,17,2025-10-21,2025-10-24,14.99,23.99
2025-10-04 10:10:27,16,2025-10-20,2025-10-23,30.99,15.21
2025-10-04 10:10:27,15,2025-10-19,2025-10-22,66.76,14.99
2025-10-04 10:10:27,14,2025-10-18,2025-10-21,31.35,14.99
2025-10-04 10:10:27,13,2025-10-17,2025-10-20,59.77,69.99
2025-10-04 10:10:27,12,2025-10-16,2025-10-19,27.29,72.99
2025-10-04 10:10:27,11,2025-10-15,2025-10-18,14.99,14.99
2025-10-04 10:10:27,10,2025-10-14,2025-10-17,14.99,21.99
2025-10-04 10:10:27,9,2025-10-13,2025-10-16,15.00,14.99
2025-10-04 10:10:27,8,2025-10-12,2025-10-15,17.00,14.99
2025-10-04 10:10:27,7,2025-10-11,2025-10-14,14.99,15.30
2025-10-04 10:10:27,6,2025-10-10,2025-10-13,34.43,78.99
2025-10-04 10:10:27,5,2025-10-09,2025-10-12,32.48,91.99
2025-10-04 10:10:27,4,2025-10-08,2025-10-11,14.99,26.99
2025-10-04 10:10:27,3,2025-10-07,2025-10-10,15.19,41.21
2025-10-04 10:10:27,2,2025-10-06,2025-10-09,30.99,25.99
2025-10-04 10:10:27,1,2025-10-05,2025-10-08,46.46,16.68
2025-10-04 10:10:27,0,2025-10-04,2025-10-07,110.28,30.99
2025-10-04 18:22:06,18,2025-10-22,2025-10-25,25.98,29.57
2025-10-04 18:22:06,17,2025-10-21,2025-10-24,22.17,23.99
2025-10-04 18:22:06,16,2025-10-20,2025-10-23,31.99,15.21
2025-10-04 18:22:06,15,2025-10-19,2025-10-22,75.21,15.85
2025-10-04 18:22:06,14,2025-10-18,2025-10-21,31.35,14.99
2025-10-04 18:22:06,13,2025-10-17,2025-10-20,68.67,66.99
2025-10-04 18:22:06,12,2025-10-16,2025-10-19,27.29,75.99
2025-10-04 18:22:06,11,2025-10-15,2025-10-18,14.99,14.99
2025-10-04 18:22:06,10,2025-10-14,2025-10-17,15.78,19.99
2025-10-04 18:22:06,9,2025-10-13,2025-10-16,17.00,14.99
2025-10-04 18:22:06,8,2025-10-12,2025-10-15,20.00,14.99
2025-10-04 18:22:06,7,2025-10-11,2025-10-14,17.28,18.45
2025-10-04 18:22:06,6,2025-10-10,2025-10-13,41.21,96.99
2025-10-04 18:22:06,5,2025-10-09,2025-10-12,36.99,84.99
2025-10-04 18:22:06,4,2025-10-08,2025-10-11,17.43,26.99
2025-10-04 18:22:06,3,2025-10-07,2025-10-10,15.00,41.21
2025-10-04 18:22:06,2,2025-10-06,2025-10-09,31.35,25.99
2025-10-04 18:22:06,1,2025-10-05,2025-10-08,77.11,17.53
2025-10-04 18:22:06,0,2025-10-04,2025-10-07,99.33,30.99
2025-10-05 10:10:54,17,2025-10-22,2025-10-25,14.99,25.47
2025-10-05 10:10:54,16,2025-10-21,2025-10-24,22.17,24.00
2025-10-05 10:10:54,15,2025-10-20,2025-10-23,30.99,14.99
2025-10-05 10:10:54,14,2025-10-19,2025-10-22,77.27,14.99
2025-10-05 10:10:54,13,2025-10-18,2025-10-21,14.99,14.99
2025-10-05 10:10:54,12,2025-10-17,2025-10-20,73.99,64.99
2025-10-05 10:10:54,11,2025-10-16,2025-10-19,26.29,74.99
2025-10-05 10:10:54,10,2025-10-15,2025-10-18,14.99,14.99
2025-10-05 10:10:54,9,2025-10-14,2025-10-17,14.99,16.99
2025-10-05 10:10:54,8,2025-10-13,2025-10-16,15.00,14.99
2025-10-05 10:10:54,7,2025-10-12,2025-10-15,19.99,14.99
2025-10-05 10:10:54,6,2025-10-11,2025-10-14,14.99,15.45
2025-10-05 10:10:54,5,2025-10-10,2025-10-13,72.17,100.09
2025-10-05 10:10:54,4,2025-10-09,2025-10-12,32.19,79.99
2025-10-05 10:10:54,3,2025-10-08,2025-10-11,14.99,26.99
2025-10-05 10:10:54,2,2025-10-07,2025-10-10,14.99,44.21
2025-10-05 10:10:54,1,2025-10-06,2025-10-09,43.99,25.99
2025-10-05 10:10:54,0,2025-10-05,2025-10-08,116.85,14.99
2025-10-05 18:22:00,17,2025-10-22,2025-10-25,14.99,29.57
2025-10-05 18:22:00,16,2025-10-21,2025-10-24,22.17,24.00
2025-10-05 18:22:00,15,2025-10-20,2025-10-23,37.99,14.99
2025-10-05 18:22:00,14,2025-10-19,2025-10-22,77.27,14.99
2025-10-05 18:22:00,13,2025-10-18,2025-10-21,24.98,14.99
2025-10-05 18:22:00,12,2025-10-17,2025-10-20,73.99,61.99
2025-10-05 18:22:00,11,2025-10-16,2025-10-19,24.99,74.99
2025-10-05 18:22:00,10,2025-10-15,2025-10-18,14.99,14.99
2025-10-05 18:22:00,9,2025-10-14,2025-10-17,14.99,18.99
2025-10-05 18:22:00,8,2025-10-13,2025-10-16,15.00,14.99
2025-10-05 18:22:00,7,2025-10-12,2025-10-15,20.99,14.99
2025-10-05 18:22:00,6,2025-10-11,2025-10-14,16.21,16.37
2025-10-05 18:22:00,5,2025-10-10,2025-10-13,72.17,100.09
2025-10-05 18:22:00,4,2025-10-09,2025-10-12,36.99,100.99
2025-10-05 18:22:00,3,2025-10-08,2025-10-11,14.99,26.99
2025-10-05 18:22:00,2,2025-10-07,2025-10-10,14.99,44.21
2025-10-05 18:22:00,1,2025-10-06,2025-10-09,65.37,25.99
2025-10-05 18:22:00,0,2025-10-05,2025-10-08,17.74,N/A
2025-10-06 10:12:38,16,2025-10-22,2025-10-25,14.99,28.00
2025-10-06 10:12:38,15,2025-10-21,2025-10-24,21.47,23.00
2025-10-06 10:12:38,14,2025-10-20,2025-10-23,37.99,14.99
2025-10-06 10:12:38,13,2025-10-19,2025-10-22,44.21,14.99
2025-10-06 10:12:38,12,2025-10-18,2025-10-21,27.29,14.99
2025-10-06 10:12:38,11,2025-10-17,2025-10-20,75.21,57.99
2025-10-06 10:12:38,10,2025-10-16,2025-10-19,31.99,61.47
2025-10-06 10:12:38,9,2025-10-15,2025-10-18,14.99,14.99
2025-10-06 10:12:38,8,2025-10-14,2025-10-17,15.21,31.00
2025-10-06 10:12:38,7,2025-10-13,2025-10-16,14.99,14.99
2025-10-06 10:12:38,6,2025-10-12,2025-10-15,44.99,15.11
2025-10-06 10:12:38,5,2025-10-11,2025-10-14,14.99,14.99
2025-10-06 10:12:38,4,2025-10-10,2025-10-13,83.45,99.99
2025-10-06 10:12:38,3,2025-10-09,2025-10-12,36.99,119.99
2025-10-06 10:12:38,2,2025-10-08,2025-10-11,14.99,14.99
2025-10-06 10:12:38,1,2025-10-07,2025-10-10,14.99,52.94
2025-10-06 10:12:38,0,2025-10-06,2025-10-09,119.33,46.82
2025-10-06 18:26:14,16,2025-10-22,2025-10-25,33.99,26.00
2025-10-06 18:26:14,15,2025-10-21,2025-10-24,21.47,22.99
2025-10-06 18:26:14,14,2025-10-20,2025-10-23,35.95,14.99
2025-10-06 18:26:14,13,2025-10-19,2025-10-22,57.57,14.99
2025-10-06 18:26:14,12,2025-10-18,2025-10-21,42.42,15.82
2025-10-06 18:26:14,11,2025-10-17,2025-10-20,62.37,55.23
2025-10-06 18:26:14,10,2025-10-16,2025-10-19,22.00,62.37
2025-10-06 18:26:14,9,2025-10-15,2025-10-18,17.23,14.99
2025-10-06 18:26:14,8,2025-10-14,2025-10-17,15.24,14.99
2025-10-06 18:26:14,7,2025-10-13,2025-10-16,17.99,14.99
2025-10-06 18:26:14,6,2025-10-12,2025-10-15,22.99,14.99
2025-10-06 18:26:14,5,2025-10-11,2025-10-14,14.99,18.66
2025-10-06 18:26:14,4,2025-10-10,2025-10-13,83.45,100.99
2025-10-06 18:26:14,3,2025-10-09,2025-10-12,36.99,138.99
2025-10-06 18:26:14,2,2025-10-08,2025-10-11,14.99,35.99
2025-10-06 18:26:14,1,2025-10-07,2025-10-10,14.99,60.41
2025-10-06 18:26:14,0,2025-10-06,2025-10-09,34.43,N/A
2025-10-07 10:12:06,15,2025-10-22,2025-10-25,33.99,28.44
2025-10-07 10:12:06,14,2025-10-21,2025-10-24,21.47,22.99
2025-10-07 10:12:06,13,2025-10-20,2025-10-23,37.99,15.19
2025-10-07 10:12:06,12,2025-10-19,2025-10-22,41.60,14.99
2025-10-07 10:12:06,11,2025-10-18,2025-10-21,33.03,14.99
2025-10-07 10:12:06,10,2025-10-17,2025-10-20,63.99,51.39
2025-10-07 10:12:06,9,2025-10-16,2025-10-19,22.99,69.99
2025-10-07 10:12:06,8,2025-10-15,2025-10-18,17.04,14.99
2025-10-07 10:12:06,7,2025-10-14,2025-10-17,15.22,17.00
2025-10-07 10:12:06,6,2025-10-13,2025-10-16,27.99,15.23
2025-10-07 10:12:06,5,2025-10-12,2025-10-15,24.99,14.99
2025-10-07 10:12:06,4,2025-10-11,2025-10-14,14.99,15.60
2025-10-07 10:12:06,3,2025-10-10,2025-10-13,81.34,102.65
2025-10-07 10:12:06,2,2025-10-09,2025-10-12,30.51,119.99
2025-10-07 10:12:06,1,2025-10-08,2025-10-11,16.28,36.99
2025-10-07 10:12:06,0,2025-10-07,2025-10-10,90.69,73.13
2025-10-07 18:26:09,15,2025-10-22,2025-10-25,26.29,20.35
2025-10-07 18:26:09,14,2025-10-21,2025-10-24,14.99,21.99
2025-10-07 18:26:09,13,2025-10-20,2025-10-23,35.27,14.99
2025-10-07 18:26:09,12,2025-10-19,2025-10-22,42.42,16.11
2025-10-07 18:26:09,11,2025-10-18,2025-10-21,33.03,14.99
2025-10-07 18:26:09,10,2025-10-17,2025-10-20,65.99,44.52
2025-10-07 18:26:09,9,2025-10-16,2025-10-19,14.99,54.99
2025-10-07 18:26:09,8,2025-10-15,2025-10-18,14.99,14.99
2025-10-07 18:26:09,7,2025-10-14,2025-10-17,15.22,20.00
2025-10-07 18:26:09,6,2025-10-13,2025-10-16,58.99,15.92
2025-10-07 18:26:09,5,2025-10-12,2025-10-15,59.99,14.99
2025-10-07 18:26:09,4,2025-10-11,2025-10-14,18.13,18.05
2025-10-07 18:26:09,3,2025-10-10,2025-10-13,81.42,102.99
2025-10-07 18:26:09,2,2025-10-09,2025-10-12,33.99,138.27
2025-10-07 18:26:09,1,2025-10-08,2025-10-11,18.87,33.99
2025-10-07 18:26:09,0,2025-10-07,2025-10-10,90.69,73.13
2025-10-08 10:12:09,14,2025-10-22,2025-10-25,26.29,27.30
2025-10-08 10:12:09,13,2025-10-21,2025-10-24,14.99,21.00
2025-10-08 10:12:09,12,2025-10-20,2025-10-23,35.99,14.99
2025-10-08 10:12:09,11,2025-10-19,2025-10-22,45.52,14.99
2025-10-08 10:12:09,10,2025-10-18,2025-10-21,26.29,14.99
2025-10-08 10:12:09,9,2025-10-17,2025-10-20,79.99,44.52
2025-10-08 10:12:09,8,2025-10-16,2025-10-19,24.99,64.99
2025-10-08 10:12:09,7,2025-10-15,2025-10-18,14.99,14.99
2025-10-08 10:12:09,6,2025-10-14,2025-10-17,15.93,23.99
2025-10-08 10:12:09,5,2025-10-13,2025-10-16,54.81,14.99
2025-10-08 10:12:09,4,2025-10-12,2025-10-15,59.99,14.99
2025-10-08 10:12:09,3,2025-10-11,2025-10-14,18.66,16.56
2025-10-08 10:12:09,2,2025-10-10,2025-10-13,54.54,97.10
2025-10-08 10:12:09,1,2025-10-09,2025-10-12,42.42,138.27
2025-10-08 10:12:09,0,2025-10-08,2025-10-11,99.99,32.99
2025-10-08 18:26:11,14,2025-10-22,2025-10-25,14.99,27.30
2025-10-08 18:26:11,13,2025-10-21,2025-10-24,16.43,21.00
2025-10-08 18:26:11,12,2025-10-20,2025-10-23,34.99,14.99
2025-10-08 18:26:11,11,2025-10-19,2025-10-22,52.94,14.99
2025-10-08 18:26:11,10,2025-10-18,2025-10-21,32.19,14.99
2025-10-08 18:26:11,9,2025-10-17,2025-10-20,90.99,44.52
2025-10-08 18:26:11,8,2025-10-16,2025-10-19,27.29,65.99
2025-10-08 18:26:11,7,2025-10-15,2025-10-18,18.66,16.24
2025-10-08 18:26:11,6,2025-10-14,2025-10-17,15.50,27.99
2025-10-08 18:26:11,5,2025-10-13,2025-10-16,54.81,14.99
2025-10-08 18:26:11,4,2025-10-12,2025-10-15,63.99,15.21
2025-10-08 18:26:11,3,2025-10-11,2025-10-14,23.55,30.66
2025-10-08 18:26:11,2,2025-10-10,2025-10-13,54.54,97.10
2025-10-08 18:26:11,1,2025-10-09,2025-10-12,43.93,138.27
2025-10-08 18:26:11,0,2025-10-08,2025-10-11,99.99,31.99
2025-10-09 10:12:51,13,2025-10-22,2025-10-25,17.74,23.80
2025-10-09 10:12:51,12,2025-10-21,2025-10-24,14.99,21.00
2025-10-09 10:12:51,11,2025-10-20,2025-10-23,34.99,14.99
2025-10-09 10:12:51,10,2025-10-19,2025-10-22,45.45,14.99
2025-10-09 10:12:51,9,2025-10-18,2025-10-21,51.42,14.99
2025-10-09 10:12:51,8,2025-10-17,2025-10-20,107.99,44.52
2025-10-09 10:12:51,7,2025-10-16,2025-10-19,27.29,71.99
2025-10-09 10:12:51,6,2025-10-15,2025-10-18,14.99,14.99
2025-10-09 10:12:51,5,2025-10-14,2025-10-17,14.99,27.99
2025-10-09 10:12:51,4,2025-10-13,2025-10-16,70.60,14.99
2025-10-09 10:12:51,3,2025-10-12,2025-10-15,48.99,14.99
2025-10-09 10:12:51,2,2025-10-11,2025-10-14,14.99,30.66
2025-10-09 10:12:51,1,2025-10-10,2025-10-13,56.38,97.10
2025-10-09 10:12:51,0,2025-10-09,2025-10-12,90.11,116.99
2025-10-09 18:24:59,13,2025-10-22,2025-10-25,14.99,19.69
2025-10-09 18:24:59,12,2025-10-21,2025-10-24,14.99,21.00
2025-10-09 18:24:59,11,2025-10-20,2025-10-23,35.99,14.99
2025-10-09 18:24:59,10,2025-10-19,2025-10-22,38.99,14.99
2025-10-09 18:24:59,9,2025-10-18,2025-10-21,59.51,14.99
2025-10-09 18:24:59,8,2025-10-17,2025-10-20,111.96,38.64
2025-10-09 18:24:59,7,2025-10-16,2025-10-19,34.99,73.99
2025-10-09 18:24:59,6,2025-10-15,2025-10-18,18.13,18.46
2025-10-09 18:24:59,5,2025-10-14,2025-10-17,16.49,27.99
2025-10-09 18:24:59,4,2025-10-13,2025-10-16,70.60,15.26
2025-10-09 18:24:59,3,2025-10-12,2025-10-15,70.60,15.35
2025-10-09 18:24:59,2,2025-10-11,2025-10-14,22.11,34.03
2025-10-09 18:24:59,1,2025-10-10,2025-10-13,73.13,97.10
2025-10-09 18:24:59,0,2025-10-09,2025-10-12,118.99,N/A
2025-10-10 10:12:49,12,2025-10-22,2025-10-25,27.81,20.35
2025-10-10 10:12:49,11,2025-10-21,2025-10-24,14.99,21.00
2025-10-10 10:12:49,10,2025-10-20,2025-10-23,34.99,15.71
2025-10-10 10:12:49,9,2025-10-19,2025-10-22,115.45,16.01
2025-10-10 10:12:49,8,2025-10-18,2025-10-21,76.99,14.99
2025-10-10 10:12:49,7,2025-10-17,2025-10-20,100.09,44.52
2025-10-10 10:12:49,6,2025-10-16,2025-10-19,31.99,90.99
2025-10-10 10:12:49,5,2025-10-15,2025-10-18,21.59,15.91
2025-10-10 10:12:49,4,2025-10-14,2025-10-17,14.99,27.99
2025-10-10 10:12:49,3,2025-10-13,2025-10-16,58.99,15.27
2025-10-10 10:12:49,2,2025-10-12,2025-10-15,79.35,14.99
2025-10-10 10:12:49,1,2025-10-11,2025-10-14,24.81,63.99
2025-10-10 10:12:49,0,2025-10-10,2025-10-13,120.13,130.28
2025-10-10 18:25:16,12,2025-10-22,2025-10-25,27.96,14.99
2025-10-10 18:25:16,11,2025-10-21,2025-10-24,14.99,23.00
2025-10-10 18:25:16,10,2025-10-20,2025-10-23,30.99,15.18
2025-10-10 18:25:16,9,2025-10-19,2025-10-22,115.45,16.12
2025-10-10 18:25:16,8,2025-10-18,2025-10-21,82.99,14.99
2025-10-10 18:25:16,7,2025-10-17,2025-10-20,122.99,44.52
2025-10-10 18:25:16,6,2025-10-16,2025-10-19,34.99,102.99
2025-10-10 18:25:16,5,2025-10-15,2025-10-18,29.99,17.74
2025-10-10 18:25:16,4,2025-10-14,2025-10-17,16.18,29.57
2025-10-10 18:25:16,3,2025-10-13,2025-10-16,59.99,16.10
2025-10-10 18:25:16,2,2025-10-12,2025-10-15,70.60,15.38
2025-10-10 18:25:16,1,2025-10-11,2025-10-14,24.81,67.43
2025-10-10 18:25:16,0,2025-10-10,2025-10-13,122.70,138.99
2025-10-11 10:10:22,11,2025-10-22,2025-10-25,26.96,21.01
2025-10-11 10:10:22,10,2025-10-21,2025-10-24,16.29,22.99
2025-10-11 10:10:22,9,2025-10-20,2025-10-23,35.99,14.99
2025-10-11 10:10:22,8,2025-10-19,2025-10-22,115.45,14.99
2025-10-11 10:10:22,7,2025-10-18,2025-10-21,81.34,14.99
2025-10-11 10:10:22,6,2025-10-17,2025-10-20,87.99,51.99
2025-10-11 10:10:22,5,2025-10-16,2025-10-19,36.99,111.96
2025-10-11 10:10:22,4,2025-10-15,2025-10-18,30.66,16.82
2025-10-11 10:10:22,3,2025-10-14,2025-10-17,16.56,29.99
2025-10-11 10:10:22,2,2025-10-13,2025-10-16,64.99,14.99
2025-10-11 10:10:22,1,2025-10-12,2025-10-15,111.96,14.99
2025-10-11 10:10:22,0,2025-10-11,2025-10-14,103.61,72.85
2025-10-11 18:20:47,11,2025-10-22,2025-10-25,26.96,25.47
2025-10-11 18:20:47,10,2025-10-21,2025-10-24,18.89,22.99
2025-10-11 18:20:47,9,2025-10-20,2025-10-23,37.99,15.38
2025-10-11 18:20:47,8,2025-10-19,2025-10-22,92.31,14.99
2025-10-11 18:20:47,7,2025-10-18,2025-10-21,46.82,14.99
2025-10-11 18:20:47,6,2025-10-17,2025-10-20,114.99,56.38
2025-10-11 18:20:47,5,2025-10-16,2025-10-19,38.99,100.09
2025-10-11 18:20:47,4,2025-10-15,2025-10-18,31.00,21.28
2025-10-11 18:20:47,3,2025-10-14,2025-10-17,18.13,29.99
2025-10-11 18:20:47,2,2025-10-13,2025-10-16,63.17,14.99
2025-10-11 18:20:47,1,2025-10-12,2025-10-15,81.42,15.40
2025-10-11 18:20:47,0,2025-10-11,2025-10-14,103.61,34.03
2025-10-12 10:10:27,10,2025-10-22,2025-10-25,29.23,21.45
2025-10-12 10:10:27,9,2025-10-21,2025-10-24,17.16,22.99
2025-10-12 10:10:27,8,2025-10-20,2025-10-23,37.99,15.19
2025-10-12 10:10:27,7,2025-10-19,2025-10-22,115.45,14.99
2025-10-12 10:10:27,6,2025-10-18,2025-10-21,54.81,14.99
2025-10-12 10:10:27,5,2025-10-17,2025-10-20,92.99,52.99
2025-10-12 10:10:27,4,2025-10-16,2025-10-19,40.99,100.09
2025-10-12 10:10:27,3,2025-10-15,2025-10-18,30.99,14.99
2025-10-12 10:10:27,2,2025-10-14,2025-10-17,15.51,29.99
2025-10-12 10:10:27,1,2025-10-13,2025-10-16,53.34,15.31
2025-10-12 10:10:27,0,2025-10-12,2025-10-15,116.99,14.99
2025-10-12 18:22:07,10,2025-10-22,2025-10-25,32.99,21.45
2025-10-12 18:22:07,9,2025-10-21,2025-10-24,19.32,22.99
2025-10-12 18:22:07,8,2025-10-20,2025-10-23,37.99,15.19
2025-10-12 18:22:07,7,2025-10-19,2025-10-22,115.45,14.99
2025-10-12 18:22:07,6,2025-10-18,2025-10-21,54.81,14.99
2025-10-12 18:22:07,5,2025-10-17,2025-10-20,139.99,58.08
2025-10-12 18:22:07,4,2025-10-16,2025-10-19,41.99,100.09
2025-10-12 18:22:07,3,2025-10-15,2025-10-18,30.99,16.56
2025-10-12 18:22:07,2,2025-10-14,2025-10-17,15.51,28.99
2025-10-12 18:22:07,1,2025-10-13,2025-10-16,61.47,16.66
2025-10-12 18:22:07,0,2025-10-12,2025-10-15,15.13,N/A
2025-10-13 10:14:05,9,2025-10-22,2025-10-25,32.99,28.99
2025-10-13 10:14:05,8,2025-10-21,2025-10-24,18.99,22.99
2025-10-13 10:14:05,7,2025-10-20,2025-10-23,43.99,15.59
2025-10-13 10:14:05,6,2025-10-19,2025-10-22,103.11,14.99
2025-10-13 10:14:05,5,2025-10-18,2025-10-21,63.99,14.99
2025-10-13 10:14:05,4,2025-10-17,2025-10-20,138.99,65.99
2025-10-13 10:14:05,3,2025-10-16,2025-10-19,33.03,98.08
2025-10-13 10:14:05,2,2025-10-15,2025-10-18,29.99,14.99
2025-10-13 10:14:05,1,2025-10-14,2025-10-17,16.64,38.99
2025-10-13 10:14:05,0,2025-10-13,2025-10-16,127.70,14.99
2025-10-13 18:24:35,9,2025-10-22,2025-10-25,55.99,24.99
2025-10-13 18:24:35,8,2025-10-21,2025-10-24,26.29,19.99
2025-10-13 18:24:35,7,2025-10-20,2025-10-23,76.99,15.41
2025-10-13 18:24:35,6,2025-10-19,2025-10-22,103.11,15.60
2025-10-13 18:24:35,5,2025-10-18,2025-10-21,71.99,14.99
2025-10-13 18:24:35,4,2025-10-17,2025-10-20,156.00,66.54
2025-10-13 18:24:35,3,2025-10-16,2025-10-19,37.99,98.08
2025-10-13 18:24:35,2,2025-10-15,2025-10-18,26.99,18.66
2025-10-13 18:24:35,1,2025-10-14,2025-10-17,22.14,39.99
2025-10-13 18:24:35,0,2025-10-13,2025-10-16,16.61,N/A
2025-10-14 10:12:32,8,2025-10-22,2025-10-25,62.99,24.99
2025-10-14 10:12:32,7,2025-10-21,2025-10-24,27.96,18.99
2025-10-14 10:12:32,6,2025-10-20,2025-10-23,80.99,15.22
2025-10-14 10:12:32,5,2025-10-19,2025-10-22,144.45,15.31
2025-10-14 10:12:32,4,2025-10-18,2025-10-21,98.07,14.99
2025-10-14 10:12:32,3,2025-10-17,2025-10-20,142.76,70.60
2025-10-14 10:12:32,2,2025-10-16,2025-10-19,45.99,96.06
2025-10-14 10:12:32,1,2025-10-15,2025-10-18,25.99,14.99
2025-10-14 10:12:32,0,2025-10-14,2025-10-17,99.99,40.99
2025-10-14 18:26:01,8,2025-10-22,2025-10-25,59.99,27.99
2025-10-14 18:26:01,7,2025-10-21,2025-10-24,27.96,21.99
2025-10-14 18:26:01,6,2025-10-20,2025-10-23,98.08,14.99
2025-10-14 18:26:01,5,2025-10-19,2025-10-22,144.45,14.99
2025-10-14 18:26:01,4,2025-10-18,2025-10-21,39.83,14.99
2025-10-14 18:26:01,3,2025-10-17,2025-10-20,191.99,70.60
2025-10-14 18:26:01,2,2025-10-16,2025-10-19,46.99,96.06
2025-10-14 18:26:01,1,2025-10-15,2025-10-18,29.99,23.99
2025-10-14 18:26:01,0,2025-10-14,2025-10-17,195.99,43.99
2025-10-15 10:13:21,7,2025-10-22,2025-10-25,68.92,27.99
2025-10-15 10:13:21,6,2025-10-21,2025-10-24,14.99,21.99
2025-10-15 10:13:21,5,2025-10-20,2025-10-23,89.99,14.99
2025-10-15 10:13:21,4,2025-10-19,2025-10-22,144.45,14.99
2025-10-15 10:13:21,3,2025-10-18,2025-10-21,107.31,14.99
2025-10-15 10:13:21,2,2025-10-17,2025-10-20,142.76,70.60
2025-10-15 10:13:21,1,2025-10-16,2025-10-19,87.88,96.06
2025-10-15 10:13:21,0,2025-10-15,2025-10-18,89.69,23.99
2025-10-15 18:26:40,7,2025-10-22,2025-10-25,68.92,27.99
2025-10-15 18:26:40,6,2025-10-21,2025-10-24,18.01,21.99
2025-10-15 18:26:40,5,2025-10-20,2025-10-23,93.99,15.21
2025-10-15 18:26:40,4,2025-10-19,2025-10-22,157.75,14.99
2025-10-15 18:26:40,3,2025-10-18,2025-10-21,107.31,14.99
2025-10-15 18:26:40,2,2025-10-17,2025-10-20,156.00,79.35
2025-10-15 18:26:40,1,2025-10-16,2025-10-19,87.88,117.51
2025-10-15 18:26:40,0,2025-10-15,2025-10-18,145.99,23.99
2025-10-16 10:13:14,6,2025-10-22,2025-10-25,71.99,27.99
2025-10-16 10:13:14,5,2025-10-21,2025-10-24,16.61,21.99
2025-10-16 10:13:14,4,2025-10-20,2025-10-23,94.99,14.99
2025-10-16 10:13:14,3,2025-10-19,2025-10-22,157.75,14.99
2025-10-16 10:13:14,2,2025-10-18,2025-10-21,79.35,15.18
2025-10-16 10:13:14,1,2025-10-17,2025-10-20,171.87,101.99
2025-10-16 10:13:14,0,2025-10-16,2025-10-19,175.99,122.76
2025-10-16 18:25:44,6,2025-10-22,2025-10-25,49.99,26.99
2025-10-16 18:25:44,5,2025-10-21,2025-10-24,20.68,21.99
2025-10-16 18:25:44,4,2025-10-20,2025-10-23,92.03,14.99
2025-10-16 18:25:44,3,2025-10-19,2025-10-22,126.92,15.32
2025-10-16 18:25:44,2,2025-10-18,2025-10-21,74.17,15.57
2025-10-16 18:25:44,1,2025-10-17,2025-10-20,167.03,101.99
2025-10-16 18:25:44,0,2025-10-16,2025-10-19,124.99,N/A
2025-10-17 10:12:48,5,2025-10-22,2025-10-25,33.99,26.99
2025-10-17 10:12:48,4,2025-10-21,2025-10-24,22.79,21.99
2025-10-17 10:12:48,3,2025-10-20,2025-10-23,92.03,14.99
2025-10-17 10:12:48,2,2025-10-19,2025-10-22,126.92,14.99
2025-10-17 10:12:48,1,2025-10-18,2025-10-21,74.17,21.99
2025-10-17 10:12:48,0,2025-10-17,2025-10-20,145.99,104.96
2025-10-17 18:23:02,5,2025-10-22,2025-10-25,66.96,26.99
2025-10-17 18:23:02,4,2025-10-21,2025-10-24,28.50,21.99
2025-10-17 18:23:02,3,2025-10-20,2025-10-23,127.99,14.99
2025-10-17 18:23:02,2,2025-10-19,2025-10-22,94.30,15.84
2025-10-17 18:23:02,1,2025-10-18,2025-10-21,93.04,21.99
2025-10-17 18:23:02,0,2025-10-17,2025-10-20,94.30,N/A
2025-10-18 10:10:46,4,2025-10-22,2025-10-25,46.99,26.99
2025-10-18 10:10:46,3,2025-10-21,2025-10-24,42.64,21.99
2025-10-18 10:10:46,2,2025-10-20,2025-10-23,132.99,14.99
2025-10-18 10:10:46,1,2025-10-19,2025-10-22,126.92,22.39
2025-10-18 10:10:46,0,2025-10-18,2025-10-21,114.88,22.99
2025-10-18 18:21:54,4,2025-10-22,2025-10-25,77.11,26.99
2025-10-18 18:21:54,3,2025-10-21,2025-10-24,37.94,21.99
2025-10-18 18:21:54,2,2025-10-20,2025-10-23,131.99,14.99
2025-10-18 18:21:54,1,2025-10-19,2025-10-22,140.22,22.39
2025-10-18 18:21:54,0,2025-10-18,2025-10-21,114.88,22.99
2025-10-19 10:10:36,3,2025-10-22,2025-10-25,74.99,26.99
2025-10-19 10:10:36,2,2025-10-21,2025-10-24,53.02,21.00
2025-10-19 10:10:36,1,2025-10-20,2025-10-23,136.99,23.00
2025-10-19 10:10:36,0,2025-10-19,2025-10-22,140.22,25.99
2025-10-19 18:22:32,3,2025-10-22,2025-10-25,95.05,26.99
2025-10-19 18:22:32,2,2025-10-21,2025-10-24,53.02,20.99
2025-10-19 18:22:32,1,2025-10-20,2025-10-23,201.99,23.99
2025-10-19 18:22:32,0,2025-10-19,2025-10-22,25.99,N/A
2025-10-20 10:13:32,2,2025-10-22,2025-10-25,92.99,26.99
2025-10-20 10:13:32,1,2025-10-21,2025-10-24,59.89,21.00
2025-10-20 10:13:32,0,2025-10-20,2025-10-23,366.04,23.99
2025-10-20 18:26:59,2,2025-10-22,2025-10-25,97.99,26.99
2025-10-20 18:26:59,1,2025-10-21,2025-10-24,59.89,21.00
2025-10-20 18:26:59,0,2025-10-20,2025-10-23,30.99,N/A
2025-10-21 10:12:59,1,2025-10-22,2025-10-25,97.99,29.99
2025-10-21 10:12:59,0,2025-10-21,2025-10-24,111.37,34.99
